50.0,0.0,14.0,10.0,17.0,0.0,0.0,0.0,0.0,0.0,0.0,0.0,0.0,0.0,0.0,0.0,0.0,0.0,0.0,0.0,0.0,0.0,0.0,0.0,0.0,0.0,0.0,0.0,0.0,0.0,0.0,0.0,0.0,0.0,0.0,0.0,0.0,0.0,0.0,0.0,0.0,0.0,0.0,0.0,0.0,0.0,0.0,0.0,0.0,0.0
344.54,411.79,478.25,543.72,608.02,671.02,732.60,792.66,851.15,908.03,963.29,1016.96,1069.05,1119.63,1168.74,1216.45,1262.83,1307.96,1351.90,1394.72,1436.49,1477.25,1517.07,1555.98,1594.01,1631.19,1667.53,1703.04,1737.72,1771.58,1792.00,1792.00,1792.00,1792.00,1792.00,1792.00,1792.00,1792.00,1792.00,1792.00,1792.00,1792.00,1792.00,1792.00,1792.00,1792.00,1792.00,1792.00,1792.00,1792.00
340.24,407.95,474.83,540.68,605.32,668.60,730.39,790.61,849.18,906.09,961.33,1014.92,1066.89,1117.31,1166.23,1213.73,1259.88,1304.76,1348.45,1391.03,1432.54,1473.07,1512.65,1551.33,1589.15,1626.12,1662.27,1697.59,1732.09,1765.77,1792.00,1792.00,1792.00,1792.00,1792.00,1792.00,1792.00,1792.00,1792.00,1792.00,1792.00,1792.00,1792.00,1792.00,1792.00,1792.00,1792.00,1792.00,1792.00,1792.00
335.96,404.14,471.46,537.71,602.70,666.26,728.27,788.63,847.29,904.22,959.42,1012.92,1064.75,1114.99,1163.71,1210.97,1256.88,1301.50,1344.93,1387.24,1428.50,1468.77,1508.11,1546.56,1584.15,1620.92,1656.87,1692.00,1726.33,1759.83,1792.00,1792.00,1792.00,1792.00,1792.00,1792.00,1792.00,1792.00,1792.00,1792.00,1792.00,1792.00,1792.00,1792.00,1792.00,1792.00,1792.00,1792.00,1792.00,1792.00
331.70,400.37,468.15,534.82,600.16,664.01,726.24,786.74,845.48,902.41,957.56,1010.95,1062.63,1112.67,1161.16,1208.18,1253.82,1298.17,1341.32,1383.35,1424.33,1464.34,1503.43,1541.64,1579.01,1615.57,1651.32,1686.27,1720.41,1753.74,1786.23,1792.00,1792.00,1792.00,1792.00,1792.00,1792.00,1792.00,1792.00,1792.00,1792.00,1792.00,1792.00,1792.00,1792.00,1792.00,1792.00,1792.00,1792.00,1792.00
327.47,396.65,464.91,532.00,597.71,661.85,724.29,784.94,843.74,900.67,955.74,1009.01,1060.51,1110.35,1158.59,1205.34,1250.70,1294.76,1337.61,1379.35,1420.05,1459.78,1498.61,1536.58,1573.72,1610.06,1645.61,1680.38,1714.35,1747.50,1779.82,1792.00,1792.00,1792.00,1792.00,1792.00,1792.00,1792.00,1792.00,1792.00,1792.00,1792.00,1792.00,1792.00,1792.00,1792.00,1792.00,1792.00,1792.00,1792.00
323.26,392.97,461.73,529.27,595.35,659.79,722.45,783.23,842.08,898.99,953.98,1007.09,1058.41,1108.01,1155.99,1202.45,1247.51,1291.26,1333.80,1375.23,1415.64,1455.08,1493.64,1531.35,1568.26,1604.38,1639.73,1674.31,1708.11,1741.10,1773.26,1792.00,1792.00,1792.00,1792.00,1792.00,1792.00,1792.00,1792.00,1792.00,1792.00,1792.00,1792.00,1792.00,1792.00,1792.00,1792.00,1792.00,1792.00,1792.00
319.07,389.34,458.62,526.62,593.09,657.83,720.70,781.60,840.50,897.37,952.25,1005.21,1056.31,1105.65,1153.35,1199.51,1244.24,1287.66,1329.88,1370.99,1411.08,1450.24,1488.51,1525.96,1562.63,1598.53,1633.67,1668.07,1701.69,1734.52,1766.52,1792.00,1792.00,1792.00,1792.00,1792.00,1792.00,1792.00,1792.00,1792.00,1792.00,1792.00,1792.00,1792.00,1792.00,1792.00,1792.00,1792.00,1792.00,1792.00
314.91,385.77,455.59,524.07,590.93,655.98,719.06,780.08,838.99,895.81,950.58,1003.34,1054.21,1103.28,1150.67,1196.49,1240.89,1283.96,1325.84,1366.61,1406.38,1445.23,1483.21,1520.39,1556.81,1592.48,1627.43,1661.63,1695.09,1727.76,1759.61,1790.59,1792.00,1792.00,1792.00,1792.00,1792.00,1792.00,1792.00,1792.00,1792.00,1792.00,1792.00,1792.00,1792.00,1792.00,1792.00,1792.00,1792.00,1792.00
310.78,382.25,452.64,521.61,588.88,654.24,717.52,778.64,837.57,894.32,948.94,1001.50,1052.10,1100.87,1147.93,1193.41,1237.44,1280.16,1321.67,1362.09,1401.53,1440.05,1477.74,1514.64,1550.80,1586.24,1620.97,1655.00,1688.28,1720.80,1752.51,1783.34,1792.00,1792.00,1792.00,1792.00,1792.00,1792.00,1792.00,1792.00,1792.00,1792.00,1792.00,1792.00,1792.00,1792.00,1792.00,1792.00,1792.00,1792.00
306.68,378.80,449.78,519.27,586.95,652.61,716.09,777.31,836.23,892.89,947.34,999.67,1049.99,1098.44,1145.14,1190.25,1233.90,1276.23,1317.36,1357.42,1396.50,1434.70,1472.07,1508.69,1544.58,1579.79,1614.31,1648.14,1681.26,1713.64,1745.20,1775.90,1792.00,1792.00,1792.00,1792.00,1792.00,1792.00,1792.00,1792.00,1792.00,1792.00,1792.00,1792.00,1792.00,1792.00,1792.00,1792.00,1792.00,1792.00
302.61,375.41,447.01,517.03,585.14,651.11,714.78,776.07,834.97,891.51,945.77,997.84,1047.86,1095.96,1142.29,1187.00,1230.25,1272.18,1312.91,1352.59,1391.30,1429.15,1466.21,1502.53,1538.16,1573.12,1607.42,1641.06,1674.02,1706.24,1737.68,1768.25,1792.00,1792.00,1792.00,1792.00,1792.00,1792.00,1792.00,1792.00,1792.00,1792.00,1792.00,1792.00,1792.00,1792.00,1792.00,1792.00,1792.00,1792.00
298.56,372.08,444.34,514.92,583.47,649.74,713.59,774.94,833.79,890.19,944.23,996.02,1045.71,1093.43,1139.36,1183.66,1226.48,1267.98,1308.31,1347.59,1385.92,1423.42,1460.14,1496.16,1531.51,1566.22,1600.30,1633.75,1666.53,1698.61,1729.92,1760.37,1789.87,1792.00,1792.00,1792.00,1792.00,1792.00,1792.00,1792.00,1792.00,1792.00,1792.00,1792.00,1792.00,1792.00,1792.00,1792.00,1792.00,1792.00
294.56,368.83,441.78,512.93,581.92,648.50,712.51,773.90,832.68,888.92,942.71,994.20,1043.52,1090.85,1136.35,1180.21,1222.58,1263.65,1303.54,1342.40,1380.35,1417.47,1453.86,1489.56,1524.62,1559.08,1592.93,1626.17,1658.79,1690.72,1721.91,1752.25,1781.64,1792.00,1792.00,1792.00,1792.00,1792.00,1792.00,1792.00,1792.00,1792.00,1792.00,1792.00,1792.00,1792.00,1792.00,1792.00,1792.00,1792.00
290.58,365.66,439.33,511.09,580.53,647.40,711.56,772.96,831.65,887.69,941.21,992.36,1041.29,1088.20,1133.25,1176.64,1218.55,1259.15,1298.60,1337.03,1374.58,1411.32,1447.35,1482.73,1517.50,1551.68,1585.30,1618.34,1650.78,1682.57,1713.63,1743.87,1773.16,1792.00,1792.00,1792.00,1792.00,1792.00,1792.00,1792.00,1792.00,1792.00,1792.00,1792.00,1792.00,1792.00,1792.00,1792.00,1792.00,1792.00
286.64,362.58,437.01,509.39,579.28,646.43,710.72,772.12,830.67,886.49,939.71,990.50,1039.02,1085.47,1130.05,1172.95,1214.37,1254.49,1293.48,1331.47,1368.59,1404.95,1440.62,1475.66,1510.12,1544.03,1577.41,1610.23,1642.48,1674.12,1705.06,1735.20,1764.41,1792.00,1792.00,1792.00,1792.00,1792.00,1792.00,1792.00,1792.00,1792.00,1792.00,1792.00,1792.00,1792.00,1792.00,1792.00,1792.00,1792.00
282.73,359.58,434.83,507.85,578.20,645.62,710.00,771.36,829.76,885.32,938.21,988.60,1036.68,1082.65,1126.73,1169.13,1210.04,1249.66,1288.16,1325.70,1362.39,1398.35,1433.64,1468.34,1502.49,1536.12,1569.23,1601.83,1633.90,1665.37,1696.18,1726.23,1755.35,1783.38,1792.00,1792.00,1792.00,1792.00,1792.00,1792.00,1792.00,1792.00,1792.00,1792.00,1792.00,1792.00,1792.00,1792.00,1792.00,1792.00
278.86,356.69,432.79,506.47,577.27,644.94,709.40,770.68,828.88,884.16,936.69,986.66,1034.27,1079.74,1123.30,1165.16,1205.54,1244.65,1282.65,1319.72,1355.97,1391.51,1426.43,1460.77,1494.60,1527.93,1560.78,1593.14,1625.00,1656.30,1686.98,1716.91,1745.96,1773.92,1792.00,1792.00,1792.00,1792.00,1792.00,1792.00,1792.00,1792.00,1792.00,1792.00,1792.00,1792.00,1792.00,1792.00,1792.00,1792.00
275.03,353.91,430.91,505.28,576.53,644.41,708.90,770.07,828.04,883.00,935.14,984.65,1031.77,1076.72,1119.73,1161.03,1200.87,1239.44,1276.93,1313.52,1349.32,1384.44,1418.96,1452.95,1486.44,1519.46,1552.03,1584.14,1615.78,1646.90,1677.42,1707.23,1736.19,1764.09,1790.61,1792.00,1792.00,1792.00,1792.00,1792.00,1792.00,1792.00,1792.00,1792.00,1792.00,1792.00,1792.00,1792.00,1792.00,1792.00
271.23,351.25,429.21,504.28,575.95,644.03,708.51,769.51,827.22,881.83,933.54,982.58,1029.17,1073.57,1116.01,1156.74,1196.01,1234.03,1271.00,1307.09,1342.43,1377.13,1411.25,1444.86,1478.01,1510.71,1542.99,1574.84,1606.24,1637.16,1667.51,1697.17,1726.00,1753.83,1780.31,1792.00,1792.00,1792.00,1792.00,1792.00,1792.00,1792.00,1792.00,1792.00,1792.00,1792.00,1792.00,1792.00,1792.00,1792.00
267.47,348.72,427.70,503.49,575.56,643.77,708.19,768.99,826.39,880.61,931.87,980.41,1026.46,1070.28,1112.13,1152.28,1190.95,1228.41,1264.84,1300.43,1335.31,1369.57,1403.28,1436.52,1469.31,1501.68,1533.65,1565.21,1596.36,1627.05,1657.21,1686.70,1715.37,1743.05,1769.49,1792.00,1792.00,1792.00,1792.00,1792.00,1792.00,1792.00,1792.00,1792.00,1792.00,1792.00,1792.00,1792.00,1792.00,1792.00
263.74,346.33,426.40,502.91,575.35,643.64,707.94,768.48,825.54,879.33,930.12,978.12,1023.61,1066.84,1108.09,1147.62,1185.70,1222.57,1258.46,1293.54,1327.94,1361.76,1395.06,1427.91,1460.33,1492.37,1524.01,1555.27,1586.14,1616.59,1646.54,1675.83,1704.26,1731.72,1757.93,1782.22,1792.00,1792.00,1792.00,1792.00,1792.00,1792.00,1792.00,1792.00,1792.00,1792.00,1792.00,1792.00,1792.00,1792.00
260.02,344.10,425.34,502.56,575.32,643.62,707.72,767.96,824.62,877.97,928.25,975.71,1020.62,1063.24,1103.86,1142.76,1180.23,1216.51,1251.84,1286.40,1320.33,1353.71,1386.59,1419.04,1451.09,1482.77,1514.08,1545.01,1575.57,1605.76,1635.48,1664.54,1692.70,1719.83,1745.74,1770.08,1792.00,1792.00,1792.00,1792.00,1792.00,1792.00,1792.00,1792.00,1792.00,1792.00,1792.00,1792.00,1792.00,1792.00
256.31,342.06,424.51,502.44,575.46,643.68,707.52,767.38,823.62,876.49,926.24,973.14,1017.45,1059.45,1099.44,1137.70,1174.53,1210.21,1244.98,1279.02,1312.48,1345.41,1377.87,1409.92,1441.58,1472.90,1503.86,1534.44,1564.67,1594.56,1624.04,1652.86,1680.71,1707.46,1733.09,1757.50,1780.82,1792.00,1792.00,1792.00,1792.00,1792.00,1792.00,1792.00,1792.00,1792.00,1792.00,1792.00,1792.00,1792.00
252.58,340.20,423.95,502.57,575.76,643.80,707.27,766.71,822.48,874.85,924.07,970.40,1014.10,1055.47,1094.81,1132.42,1168.61,1203.68,1237.88,1271.40,1304.39,1336.88,1368.91,1400.54,1431.82,1462.76,1493.36,1523.57,1553.42,1582.99,1612.22,1640.81,1668.33,1694.67,1720.04,1744.53,1768.19,1790.89,1792.00,1792.00,1792.00,1792.00,1792.00,1792.00,1792.00,1792.00,1792.00,1792.00,1792.00,1792.00
248.76,338.52,423.65,502.96,576.21,643.93,706.94,765.88,821.17,873.03,921.70,967.45,1010.54,1051.28,1089.96,1126.92,1162.46,1196.91,1230.53,1263.54,1296.06,1328.12,1359.72,1390.92,1421.80,1452.37,1482.60,1512.41,1541.85,1571.06,1600.01,1628.39,1655.58,1681.50,1706.63,1731.22,1755.27,1778.49,1792.00,1792.00,1792.00,1792.00,1792.00,1792.00,1792.00,1792.00,1792.00,1792.00,1792.00,1792.00
244.78,336.90,423.65,503.63,576.78,644.03,706.45,764.86,819.64,870.98,919.10,964.27,1006.76,1046.86,1084.89,1121.18,1156.07,1189.89,1222.93,1255.43,1287.50,1319.13,1350.31,1381.07,1411.53,1441.73,1471.59,1500.99,1529.97,1558.77,1587.42,1615.60,1642.51,1667.99,1692.89,1717.61,1742.06,1765.86,1787.96,1792.00,1792.00,1792.00,1792.00,1792.00,1792.00,1792.00,1792.00,1792.00,1792.00,1792.00
240.85,335.42,424.05,504.60,577.46,644.02,705.74,763.55,817.83,868.66,916.23,960.82,1002.72,1042.19,1079.57,1115.21,1149.45,1182.63,1215.09,1247.09,1278.72,1309.94,1340.69,1371.00,1401.03,1430.85,1460.35,1489.32,1517.78,1546.13,1574.46,1602.42,1629.17,1654.20,1678.90,1703.75,1728.63,1752.96,1775.83,1792.00,1792.00,1792.00,1792.00,1792.00,1792.00,1792.00,1792.00,1792.00,1792.00,1792.00
237.67,334.62,425.03,505.92,578.17,643.83,704.71,761.90,815.69,866.01,913.04,957.09,998.42,1037.28,1074.01,1109.00,1142.59,1175.14,1207.01,1238.51,1269.73,1300.57,1330.89,1360.71,1390.30,1419.74,1448.91,1477.47,1505.34,1533.19,1561.16,1588.89,1615.59,1640.23,1664.71,1689.72,1715.04,1740.04,1763.91,1786.67,1792.00,1792.00,1792.00,1792.00,1792.00,1792.00,1792.00,1792.00,1792.00,1792.00
234.91,334.68,426.71,507.56,578.85,643.35,703.26,759.81,813.15,862.98,909.50,953.05,993.83,1032.09,1068.19,1102.54,1135.51,1167.42,1198.70,1229.71,1260.54,1291.02,1320.93,1350.24,1379.36,1408.42,1437.26,1465.46,1492.67,1519.99,1547.58,1575.02,1601.57,1626.11,1650.43,1675.61,1701.41,1727.19,1752.22,1776.21,1792.00,1792.00,1792.00,1792.00,1792.00,1792.00,1792.00,1792.00,1792.00,1792.00
232.24,335.62,429.13,509.44,579.38,642.48,701.31,757.19,810.13,859.50,905.56,948.65,988.94,1026.62,1062.11,1095.85,1128.21,1159.50,1190.17,1220.70,1251.16,1281.32,1310.84,1339.59,1368.23,1396.89,1425.38,1453.28,1479.87,1506.61,1533.80,1560.91,1587.17,1611.85,1636.21,1661.53,1687.82,1714.42,1740.65,1766.02,1789.78,1792.00,1792.00,1792.00,1792.00,1792.00,1792.00,1792.00,1792.00,1792.00
229.46,337.42,432.14,511.36,579.61,641.13,698.78,753.97,806.50,855.50,901.17,943.88,983.73,1020.86,1055.74,1088.90,1120.71,1151.40,1181.45,1211.51,1241.60,1271.46,1300.66,1328.82,1356.95,1385.20,1413.28,1440.72,1466.94,1493.14,1519.93,1546.70,1572.74,1597.62,1622.19,1647.61,1674.33,1701.70,1729.05,1755.78,1780.52,1792.00,1792.00,1792.00,1792.00,1792.00,1792.00,1792.00,1792.00,1792.00
226.55,339.88,435.39,513.01,579.37,639.23,695.64,750.12,802.22,850.96,896.34,938.73,978.20,1014.78,1049.09,1081.72,1113.02,1143.19,1172.58,1202.17,1231.88,1261.43,1290.37,1317.95,1345.58,1373.40,1401.02,1427.98,1453.94,1479.73,1506.12,1532.57,1558.47,1583.56,1608.43,1634.01,1661.01,1689.00,1717.25,1745.10,1770.70,1792.00,1792.00,1792.00,1792.00,1792.00,1792.00,1792.00,1792.00,1792.00
223.71,342.53,438.24,514.00,578.55,636.82,691.95,745.73,797.44,845.94,891.05,933.16,972.33,1008.38,1042.14,1074.28,1105.13,1134.89,1163.65,1192.72,1222.05,1251.21,1279.74,1307.03,1334.19,1361.56,1388.72,1415.26,1440.99,1466.52,1492.48,1518.63,1544.46,1569.76,1594.95,1620.78,1647.93,1676.30,1705.15,1733.65,1759.91,1782.07,1792.00,1792.00,1792.00,1792.00,1792.00,1792.00,1792.00,1792.00
220.59,344.28,439.71,513.91,577.08,633.98,687.83,740.94,792.27,840.50,885.31,927.15,966.07,1001.63,1034.88,1066.61,1097.04,1126.35,1154.66,1183.24,1212.13,1240.88,1268.98,1296.08,1322.87,1349.77,1376.48,1402.66,1428.21,1453.52,1479.10,1504.99,1530.77,1556.27,1581.78,1607.89,1635.14,1663.61,1692.74,1721.48,1747.96,1770.73,1791.72,1792.00,1792.00,1792.00,1792.00,1792.00,1792.00,1792.00
218.10,343.06,439.08,512.63,574.94,630.79,683.50,735.89,786.78,834.71,879.17,920.69,959.26,994.46,1027.34,1058.72,1088.77,1117.67,1145.66,1173.76,1202.20,1230.53,1258.25,1285.15,1311.65,1338.08,1364.39,1390.27,1415.64,1440.79,1466.09,1491.72,1517.46,1543.12,1568.91,1595.27,1622.60,1650.97,1680.13,1708.86,1735.40,1758.81,1780.42,1792.00,1792.00,1792.00,1792.00,1792.00,1792.00,1792.00
216.33,340.20,436.73,510.33,572.25,627.38,679.14,730.71,781.01,828.51,872.66,913.86,952.00,986.93,1019.57,1050.66,1080.39,1108.94,1136.66,1164.34,1192.31,1220.23,1247.62,1274.30,1300.50,1326.53,1352.49,1378.11,1403.33,1428.35,1453.46,1478.87,1504.54,1530.33,1556.36,1582.91,1610.28,1638.48,1667.50,1696.05,1722.61,1746.53,1768.72,1790.41,1792.00,1792.00,1792.00,1792.00,1792.00,1792.00
215.49,336.82,433.31,507.33,569.14,623.80,674.83,725.49,775.07,822.04,865.90,906.74,944.49,979.19,1011.62,1042.47,1071.92,1100.20,1127.69,1154.98,1182.51,1210.05,1237.13,1263.57,1289.51,1315.21,1340.84,1366.22,1391.30,1416.22,1441.21,1466.46,1492.03,1517.90,1544.10,1570.80,1598.18,1626.27,1654.99,1683.25,1709.77,1734.06,1756.72,1778.70,1792.00,1792.00,1792.00,1792.00,1792.00,1792.00
215.43,333.36,429.42,503.91,565.76,620.11,670.54,720.28,769.07,815.50,858.98,899.45,936.83,971.32,1003.57,1034.21,1063.42,1091.48,1118.75,1145.72,1172.85,1200.04,1226.82,1253.02,1278.71,1304.13,1329.46,1354.62,1379.57,1404.41,1429.31,1454.44,1479.91,1505.83,1532.15,1558.94,1586.30,1614.27,1642.64,1670.56,1696.98,1721.53,1744.57,1766.83,1788.93,1792.00,1792.00,1792.00,1792.00,1792.00
215.70,330.30,425.49,500.29,562.20,616.30,666.19,715.07,763.06,808.92,851.98,892.05,929.09,963.38,995.45,1025.89,1054.91,1082.78,1109.87,1136.59,1163.35,1190.22,1216.71,1242.65,1268.12,1293.30,1318.36,1343.31,1368.14,1392.91,1417.75,1442.81,1468.20,1494.13,1520.50,1547.31,1574.62,1602.43,1630.46,1658.03,1684.34,1709.04,1732.38,1754.92,1777.20,1792.00,1792.00,1792.00,1792.00,1792.00
216.28,327.74,421.80,496.64,558.52,612.36,661.76,709.83,757.05,802.32,844.93,884.59,921.30,955.38,987.30,1017.55,1046.37,1074.10,1101.05,1127.60,1154.07,1180.61,1206.80,1232.49,1257.75,1282.71,1307.53,1332.29,1357.02,1381.72,1406.51,1431.52,1456.89,1482.77,1509.12,1535.90,1563.13,1590.74,1618.45,1645.70,1671.88,1696.68,1720.26,1743.05,1765.55,1788.33,1792.00,1792.00,1792.00,1792.00
217.06,325.77,418.51,493.05,554.73,608.25,657.18,704.51,751.00,795.70,837.86,877.09,913.46,947.32,979.11,1009.17,1037.83,1065.44,1092.29,1118.70,1144.97,1171.19,1197.09,1222.53,1247.58,1272.35,1296.97,1321.56,1346.19,1370.83,1395.57,1420.55,1445.89,1471.72,1498.01,1524.72,1551.82,1579.21,1606.62,1633.59,1659.63,1684.49,1708.27,1731.31,1754.05,1777.01,1792.00,1792.00,1792.00,1792.00
218.25,324.37,415.62,489.55,550.81,603.92,652.39,699.06,744.86,789.03,830.76,869.56,905.57,939.21,970.85,1000.75,1029.27,1056.78,1083.56,1109.87,1135.98,1161.93,1187.54,1212.75,1237.61,1262.21,1286.67,1311.12,1335.64,1360.22,1384.92,1409.86,1435.16,1460.92,1487.13,1513.74,1540.69,1567.86,1594.99,1621.71,1647.61,1672.51,1696.47,1719.75,1742.75,1765.93,1789.83,1792.00,1792.00,1792.00
219.40,323.37,413.04,486.05,546.69,599.30,647.31,693.38,738.59,782.27,823.58,861.97,897.62,931.04,962.51,992.26,1020.67,1048.13,1074.85,1101.09,1127.04,1152.77,1178.13,1203.12,1227.81,1252.27,1276.61,1300.94,1325.35,1349.86,1374.51,1399.42,1424.68,1450.36,1476.47,1502.95,1529.74,1556.69,1583.57,1610.05,1635.85,1660.77,1684.89,1708.41,1731.68,1755.15,1779.31,1792.00,1792.00,1792.00
220.04,322.39,410.54,482.42,542.27,594.33,641.90,687.49,732.15,775.38,816.30,854.30,889.62,922.80,954.10,983.71,1012.05,1039.48,1066.16,1092.31,1118.14,1143.67,1168.82,1193.64,1218.18,1242.51,1266.75,1290.98,1315.30,1339.73,1364.34,1389.20,1414.41,1440.01,1466.01,1492.36,1518.97,1545.70,1572.35,1598.64,1624.33,1649.29,1673.55,1697.30,1720.87,1744.65,1769.15,1792.00,1792.00,1792.00
220.75,321.40,407.87,478.45,537.43,588.92,636.12,681.31,725.50,768.30,808.84,846.51,881.54,914.50,945.63,975.14,1003.43,1030.81,1057.45,1083.54,1109.24,1134.60,1159.60,1184.27,1208.69,1232.92,1257.06,1281.21,1305.45,1329.82,1354.37,1379.19,1404.33,1429.85,1455.73,1481.94,1508.37,1534.91,1561.35,1587.47,1613.08,1638.06,1662.47,1686.45,1710.31,1734.43,1759.25,1785.29,1792.00,1792.00
221.72,320.12,404.68,473.85,532.00,583.05,629.98,674.87,718.66,761.00,801.12,838.51,873.32,906.09,937.09,966.54,994.78,1022.13,1048.73,1074.76,1100.36,1125.59,1150.45,1175.01,1199.32,1223.46,1247.53,1271.61,1295.78,1320.09,1344.60,1369.36,1394.44,1419.86,1445.63,1471.69,1497.96,1524.30,1550.56,1576.54,1602.08,1627.10,1651.64,1675.86,1700.01,1724.45,1749.59,1775.83,1792.00,1792.00
221.74,318.13,400.42,468.30,525.85,576.71,623.56,668.24,711.63,753.46,793.15,830.28,864.94,897.57,928.47,957.88,986.10,1013.42,1039.99,1065.97,1091.48,1116.60,1141.36,1165.82,1190.05,1214.13,1238.14,1262.16,1286.27,1310.53,1334.98,1359.69,1384.70,1410.04,1435.69,1461.61,1487.71,1513.89,1539.98,1565.84,1591.33,1616.39,1641.07,1665.51,1689.94,1714.69,1740.12,1766.56,1792.00,1792.00
220.44,314.03,394.39,461.49,518.89,569.83,616.74,661.30,704.31,745.68,784.96,821.83,856.37,888.92,919.76,949.15,977.37,1004.66,1031.21,1057.15,1082.60,1107.64,1132.32,1156.71,1180.88,1204.90,1228.86,1252.83,1276.90,1301.11,1325.52,1350.17,1375.11,1400.36,1425.90,1451.68,1477.64,1503.66,1529.61,1555.36,1580.82,1605.93,1630.75,1655.40,1680.10,1705.14,1730.83,1757.45,1785.13,1792.00
217.90,307.85,386.72,453.50,511.07,562.28,609.39,653.92,696.65,737.62,776.53,813.18,847.62,880.11,910.93,940.32,968.55,995.85,1022.39,1048.30,1073.71,1098.69,1123.32,1147.66,1171.78,1195.76,1219.68,1243.62,1267.65,1291.82,1316.18,1340.78,1365.66,1390.82,1416.25,1441.91,1467.73,1493.61,1519.44,1545.11,1570.55,1595.72,1620.66,1645.51,1670.46,1695.77,1721.70,1748.49,1776.26,1792.00
213.99,300.64,377.97,444.57,502.44,554.05,601.44,646.04,688.59,729.25,767.88,804.34,838.70,871.16,901.97,931.39,959.65,986.96,1013.50,1039.41,1064.80,1089.75,1114.34,1138.64,1162.74,1186.69,1210.59,1234.50,1258.50,1282.64,1306.96,1331.52,1356.33,1381.41,1406.74,1432.29,1457.98,1483.74,1509.46,1535.07,1560.50,1585.73,1610.80,1635.84,1661.03,1686.58,1712.73,1739.67,1767.53,1792.00
